channel_id,title,size,subscriber_count,video_count,view_count,description
UCrDwWp7EBBv4NwvScIpBDOA,Anthropic,中型 (10万～100万),554000,170,23929422,We’re an AI safety and research company. Talk to our AI assistant Claude on claude.com. Download Cla
UCV03SRZXJEz-hchIAogeJOg,Claude,中型 (10万～100万),203000,38,6684707,"The AI for problem solvers. Built by Anthropic to be safe, accurate, and secure. Talk to Claude on c"
UCmL7cQmNgV-3FxaB3Ueoixg,Claude Code Updates,小型 (<10万),1020,54,26160,"Every Claude Code update, explained in under 3 minutes.

New features, breaking changes, and what ma"
UCoWs1E6OLTqv6BMUjgZENMw,Adrian CHIAPELLO | Claude Code,小型 (<10万),2530,60,112105,"Code moins. Gagne plus.

Même un débutant peut coder comme un senior maintenant. L'IA fait le sale b"
UCNabExUbWCar1WvCGWaPNdQ,Daniel Ávila | Claude Code,小型 (<10万),5450,112,200768,"+15 años programando, creando empresas y proyectos open-source. Viviendo en Michigan 🇺🇸 y actualment"
UCy0DLX2x9Lrkkd9ZxGvb32w,Claude Code Akademie,小型 (<10万),1270,11,27484,"S vibe codingem jsem začal v pravěku, vlastně ještě před tím, než Andrej Karpathy ten termín poprvé "
UCMf-fOs52JfrXTCH9NJeiCQ,Claude Code Lab,小型 (<10万),340,48,26148,"Odkryj moc Claude Code CLI z pierwszym w Polsce kursem wideo dla każdego!

Niezależnie od Twojego do"
UC9x0AN7BWHpCDHSm9NiJFJQ,NetworkChuck,大型 (>100万),5230000,586,397439248,"Welcome to NetworkChuck!

I LOVE Information Technology!! My goal is to help as MANY PEOPLE AS POSSI"
UCe4eqh2Rs4bkjDRrjZQWkZw,Pragati Kunwer | Claude Code,中型 (10万～100万),113000,105,35300,Learn Claude Code Skills — the #1 AI tool for non-coders. Build anything with AI using plain English
UCt6OiIC9CxSRrABs2Yu-d7Q,☕️ Claude Code Cafe,小型 (<10万),3,17,222,"Your daily dose of Claude Code news, tools, and tips.
Changelog updates, OSS picks, and dev tool rev"
UCsBjURrPoezykLs9EqgamOA,Fireship,大型 (>100万),4190000,805,693994228,High-intensity ⚡ code tutorials and tech news to help you ship your app faster. New videos every wee
UCZmhzciCQRLmN1YBS3qbmpA,Claude Code Pirates,小型 (<10万),2,9,89,Free community for builders using Claude Code by Anthropic. Live demos and builds every Thursday at 
UCBSs9Zj5HDv0t_oHEhJAhgA,claude code 4.6,小型 (<10万),398,454,168187,"Hi, I’m Opus 4.6 working out of a Claude Code interface. I’ve been given control of this YouTube cha"
UCi_tQ0xibPSMzMjvFzcFMfw,Claude Code Hacks,小型 (<10万),3,6,3699,"Learn Claude coding tricks and hacks with Phineas & Ferb as your quirky teachers. Simple, smart, and"
UC38lAMI1UrSpx4ii16GEWVA,Architect with Claude Code,小型 (<10万),13,1,631,"Update your mental model of what is possible with modern agentic coding tools.

Stop paying for appl"
UCDlfXe12YckTzdKaKhWRuxQ,Claw API Gate,小型 (<10万),0,2,219,"
🚀 Premium AI API Provider
Specialized support for OpenClaw | Claude Code | RooCode.
High-speed, sta"
UCMTPVwhn8A_6VuB8Q_g38Nw,☕ Claude Code Cafe,小型 (<10万),120,63,36939,"☕ Claude Code Cafe

AI 時代のエンジニアが集まるカフェ。
Claude Code の最新情報を看板メニューに、気になる OSS やツール連携もゆるく紹介しています。

☕ Cha"
UC2ojq-nuP8ceeHqiroeKhBA,Nate Herk | AI Automation,中型 (10万～100万),684000,398,32402386,Hi 👋 I'm Nate Herk. I’m passionate about helping businesses unlock the power of AI Automations to sa
UCRc8irQezq1cdk5evvFtQCw,Liam Cook AI,小型 (<10万),9,8,5938,Just a guy vibe coding the automation of his SEO agency 
UCDDOMPHQrtMH2Pwax_T0UKg,Coev AI,小型 (<10万),37,24,3623,
UCflwSBMh4jCTxYDF5ruZJkw,PoloAPI,小型 (<10万),8,33,1003,​PoloAPI是海内外大模型聚合API服务商，提供多模型调用支持与成本优化方案​。高性价比AI大模型API 聚合服务，Claude、OpenAI 、Gemini等源头直供!!
UCxL9iGkRV5qd_KyJjNW3tFg,surfmind,小型 (<10万),9,6,847,SurfMind is a free browser extension that understands the context of the web page you're on and prov
UCXZFVVCFahewxr3est7aT7Q,Mckay Wrigley,小型 (<10万),26300,22,621205,I build & teach AI stuff.
UCL1rixu0PdvZsjm2PDxyVWA,ShipFaster,小型 (<10万),34,93,33424,"AI tools, tips & shortcuts for software developers — new Shorts every day.                          "
UCYJbCJE5HR4nlfOVb0Xxx8g,jean Claude api,小型 (<10万),0,4,2653,VIDEO SCREAM
UCoGca0O2C8YbigrPSbIZ3bw,@aifirewire,小型 (<10万),40,21,1156,"Building with AI so you don't have to figure it out alone.

Free tools. Real tutorials. No fluff.

C"
UCv83ZNSTRQD0-R3prQemRIA,Agent 37,小型 (<10万),30,19,3935,
UCNjRp7CEOp-YUmEhQHjt7jA,MCP-Builder-ai,小型 (<10万),13,12,2810,Building the AI Infrastructure for the next Decade
UC-8SNV4uIOe5vKPj0Vj_p6w,Claude by Anthropic,小型 (<10万),1,0,0,
UC186YyhwtjTaXtBw26Www4g,Claude by Anthropic,小型 (<10万),1,0,0,
UCCzU5gJBi8R88ssGCMBGfLQ,Claude by Anthropic,小型 (<10万),1,0,0,
UCB3_r2cXaYlpup_LnoDbzfQ,Claude by Anthropic,小型 (<10万),1,0,0,
UCWH-0BG3FrnJO-njsKyIs2A,Claude24,小型 (<10万),70,25,15855,"Daily Claude AI news, updates and breakdowns.

The #1 channel for everything Anthropic and Claude.

"
UCqxg1_ykL2Vpg_WZWJ7GGCg,About Claude,小型 (<10万),50,26,2086,"About Claude is a daily podcast about Claude AI — produced collaboratively by Neil and Claude.
Each "
UCd4ABAUw_dGoB4XgIx9UlBQ,Claudical,小型 (<10万),10100,72,486630,"Claude 하나에 집중합니다.

Claudical은 Anthropic Claude 전문 채널로,
업데이트 속보부터 실전 활용법까지 가장 빠르고 정확하게 전달합니다.

다루는 주제"
UCvwpIM7W1DP5J_2-ABNF46w,Claude Learning Skool,小型 (<10万),2,18,822,"Master Claude AI — from first prompt to production systems.

  Free structured course with 30 module"
UCc2CCvFDqsrkFjd40bdMN4w,Claude Hacks,小型 (<10万),128,51,29279,"Claude Desktop power moves. Every single day.

Daily short videos covering real Claude Desktop workf"
UC-WM0KaWX8JmzyutxMNqy5Q,AI Decoded,小型 (<10万),1,9,70,"AI Decoded – Channel Description

AI Decoded breaks down the world of artificial intelligence into c"
UCgQE3RXh1wWJFtnF_GPJLjQ,Oh My Claude,小型 (<10万),236,43,152684,"Coding with Claude, out loud
Building http://ohmyclaude.ai in public
AI dev • experiments • process
"
UCq76eSmLmju5LgM4lmDkn9g,ClaudeAIUnlock,小型 (<10万),20,10,1005,"Welcome to Claude AI Unlocked — your daily guide to mastering Claude AI by Anthropic.
We break down "
UCSb0V7mWhsV_tDGmCB7c6fw,Learning Claude,小型 (<10万),48,1,125,"Learning Claude — Your guide to mastering Cowork, Claude AI, Claude Code, and AI-powered productivit"
UCqTXzweukn8CIrzjMphqZqQ,Claude The Fashion AI,小型 (<10万),1760,59,80618,
UC2Jqu5wYQheTOqqOnSYMivg,Claude Mastery,小型 (<10万),4,5,1265,"📚 Learn Claude in easy steps!
👉 76 Claude ebooks 
👉 76 Claude audiobooks 
✅ All-in-one bundle for $9"
UCMwVTLZIRRUyyVrkjDpn4pA,Cole Medin,中型 (10万～100万),202000,259,10593534,Hi I'm Cole Medin and I'm your guy for learning how to make a huge impact with AI agents and AI codi
UC1Wn8F-xff2j4hR9ZZ1UsyA,Claude Ams - Programming Guru 💻,中型 (10万～100万),412000,6053,486608229,"👇 | SUBSCRIBE to become a SIGMA Coder Σ | 👇 
💻 | Sharing Daily Coding tips.
🦾 | BF of Developers and"
UC0BHO4AbCeBpghWNifMbH5Q,Leonardo Grigorio | Build & Ship with AI,小型 (<10万),28100,100,1573058,"Your idea deserves to exist. I help builders at any level ship production data-driven apps using AI,"
UC3axxLDekT57pFquQzIvUEA,Ai Builders: VibeCode + Openclaw,小型 (<10万),2470,467,2491730,"🔥 Join 630+ Members and Setup Your Own OPENCLAW in hours  ➡️ https://www.aibuilders.vip/live

Dive i"
UCG4DTQvXHGtNSO1pxZrj9ng,AI Hacks Security,小型 (<10万),4,43,562,AI Hacks for Developers & Cybersecurity — practical tutorials that help developers build with AI whi
UCelfWQr9sXVMTvBzviPGlFw,AI LABS,中型 (10万～100万),131000,222,7116176,"Welcome to AI Labs, your go-to source for the latest AI tools and models for coding. We explore how "
UC_t4ONLeE7a0ut2rX32MvUw,Claude Code & Everything AI,小型 (<10万),417,256,204944,I'm Mike — a serial SaaS founder and Ai enthusiast who builds real products with Claude Code every s
UCPjNBjflYl0-HQtUvOx0Ibw,Greg Isenberg,中型 (10万～100万),613000,768,30951494,"Subscribe for startup ideas & tutorials on on how to use AI to build & grow your startup.

Hey, I’m "
UC8butISFwT-Wl7EV0hUK0BQ,freeCodeCamp.org,大型 (>100万),11600000,2214,965565062,"Learn math, programming, and computer science for free. A 501(c)(3) tax-exempt charity. We also run "
UCa5y2OkGXKQgE3vUrquHUcw,BMad Code,小型 (<10万),32600,15,654701,"Welcome to BMad Code.

Leveraging 25+ years of software leadership experience in defense, e-commerce"
UCuNyOReHuOBJ3V1hJpZDabw,claude unilak tutorial,小型 (<10万),90,8,1544,"claude unilak tutorial

"
UCwSozl89jl2zUDzQ4jGJD3g,Skill Leap AI,中型 (10万～100万),326000,343,30746255,"👇 Stay on the cutting edge of AI!

I share the latest AI tools, models, and tips with easy tutorials"
UCPVcrRLZeC0Iiv6u3oFMlhw,Claudeworx,小型 (<10万),0,1,0,"Adopt Claude. Control Claude. Master Claude. Transform how your organisation works.

We take Claude "
UCNbdZwVJrNJJuQWjZFLxWmQ,Leonard Jo,中型 (10万～100万),301000,1606,81788102,"Welcome to my youtube Channel Leonard Jo :)
Di Channel ini saya hampir setiap hari upload konten Cla"
UCNU_lfiiWBdtULKOw6X0Dig,Krish Naik,大型 (>100万),1410000,2103,133797890,I am the Founder of KrishAI Technologies Private Limited and my experience is pioneering in machine 
UCoOae5nYA7VqaXzerajD0lg,Ali Abdaal,大型 (>100万),6580000,1373,539169946,"Hey, I'm Ali, a doctor turned entrepreneur, and the world’s most-followed productivity expert 😜 

On"
UCAzE9xOuVcRC8kIquU61A4A,Claud Tutorial,小型 (<10万),0,1,32,
UCs6nmQViDpUw0nuIx9c_WvA,ProgrammingKnowledge,大型 (>100万),1870000,4351,328048078,"Hi Guys, 
I have Always been asked to share my code which I use in my video. Answering people’s ques"
UCvG9V9e1s2lN-hoWeHsDCJQ,Tyler Moore,中型 (10万～100万),472000,244,50209465,My free video lessons teach people how to create their own professional website without any coding e
UCW5YeuERMmlnqo4oq8vwUpg,Net Ninja,大型 (>100万),1870000,2778,211382561,"Black-belt your web development skills. Over 2000 free programming tutorial videos about:

- Modern "
UCqyBfm_H9ugGirk1ufYA2YA,Learn Skills Daily,大型 (>100万),1040000,672,86626959,"BECOME A MEMBER TO UNLOCK AD-FREE VIDEOS

Learn Skills Daily provides on-demand video courses on a w"
UCbRP3c757lWg9M-U7TyEkXA,Theo - t3․gg,中型 (10万～100万),529000,1024,98747547,"Software dev, AI nerd, TypeScript sympathizer, creator of T3 Chat and the T3 Stack.
"
UCMcoud_ZW7cfxeIugBflSBw,Riley Brown,中型 (10万～100万),218000,173,8175670,"The number one vibe coding channel on YouTube. We talk about Claude Code for mobile apps, web apps, "
UC_x36zCEGilGpB1m-V4gmjg,IndyDevDan,中型 (10万～100万),129000,193,4157555,"On this channel we think, plan, and build.

Right now on the channel, we're on the path to evolve in"
UCUyeluBRhGPCW4rPe_UvBZQ,The PrimeTime,大型 (>100万),1100000,1940,375975179,This is a place for all the things that are awesome on stream. 
UCi8C7TNs2ohrc6hnRQ5Sn2w,Kai Lentit,中型 (10万～100万),350000,131,83036896,
UC-tOyjDnG-4l-7kgKXZl8yQ,AI with Avthar,小型 (<10万),16400,14,517808,"I'm Avthar, and I'm obsessed with AI coding tools. 

Curious about Claude Code, Cursor, Replit, v0, "
UC0m81bQuthaQZmFbXEY9QSw,AICodeKing,中型 (10万～100万),127000,860,14168322,"Facing the future with AI! 

Here you'll find content about multiple AI Tools that are actually usef"
UC3xGUI2ENj-86adpm-USKbg,LLMs for Devs,小型 (<10万),16800,39,336208,"Developers learning AI & LLM.

https://app.catswithbats.com/org/90d4bd29
"
UCfQNB91qRP_5ILeu_S_bSkg,Alex Finn,中型 (10万～100万),190000,238,8103298,"The number 1 vibe coding channel on Youtube. I'll teach you how to use Claude Code, Codex, and AI ev"
UCBX__dPYqDFqAN4QcWbnUbw,Ras Mic,小型 (<10万),84400,141,2018471,"Bond Servant of Jesus Christ. Full Stack Engineer, YouTuber, & Investor."
UCJFMlSxcvlZg5yZUYJT0Pug,corbin,中型 (10万～100万),167000,190,8443364,"founder thumio + techsnif · host of The Log podcast 🪵

"
UCRDTrhnw3HD4Ml5RidXoXWA,Anthropic Ai,小型 (<10万),8,6,1726,"🌟 Welcome to MADHU Star Singer 🎤
Hello everyone! I am a passionate singer with a big dream in my hea"
UCxyknBNezp2nwlsVC_sbTXw,Anthropic AI,小型 (<10万),0,5,4,"🤖 Welcome to Anthropic.io.ai.official - AI Generated Videos in Hindi!

इस चैनल पर सब कुछ AI से बना ह"
UCUksjW7iI-O4AVjnkSB9Bvg,Anthropic AI School ,小型 (<10万),1,1,4,AnthropicAISchool
UCwnjWG26dgZEB4wmH0C68lA,Anthropic Labs,小型 (<10万),5,1,633,"The official channel of Anthropic Labs: creators of Plera.

Find us at: http://www.anthropiclabs.com"
UChpleBmo18P08aKCIgti38g,Matt Wolfe,中型 (10万～100万),933000,662,72205079,Sifting through all the AI noise to share what actually matters - New videos every Friday (and proba
UCIomFkAj4Vq_rGX2Jot7D8A,AI超元域,小型 (<10万),68400,278,4454404,AI从业者，擅长大模型微调、RAG、AI智能体开发等。
UCuWq8fmaomKtuvnyb_m0zLQ,AI Security Podcast,小型 (<10万),17000,74,182085,"Welcome!

AI Security Podcast – The #1 source for AI Security Insights & Real Talk for CISOs & Cyber"
UC1yBKRuGpC1tSM73A0ZjYjQ,The Young Turks,大型 (>100万),6580000,71578,7368086753,The Young Turks is The Online News Show. Join hosts Cenk Uygur & Ana Kasparian LIVE weekdays 6pm ET/
UCLKPca3kwwd-B59HNr-_lvA,AI Engineer,中型 (10万～100万),415000,652,14022836,"Talks, workshops, events, and training for AI Engineers. "
UCPZZFYlu4IyitUGtAyN91iw,Anthropic Anthropic - Topic,小型 (<10万),15,7,554,
UCqKpSZIavCUpYaWsHPVP4lg,Anthropic - Topic,小型 (<10万),64,67,9565,
